{
	"diffraction_limit" : 14,
	"diffraction_limit_z" : 200,
	"directed_motion" : false,
	"exp_dir_displacement" : 84.778999999999996,
	"exp_displacement" : 84.778999999999996,
	"exp_displacement_z" : 119.8227438053991,
	"exp_noise_rate" : 3.1892357623740417,
	"ignore_intensity" : false,
	"max_blinking_duration" : 2,
	"max_displacement" : 211.94749999999999,
	"max_displacement_pp" : 296.72649999999999,
	"max_displacement_z" : 112.83791670955127,
	"max_log_complexity" : 13,
	"max_memory" : 500,
	"max_particle_count" : 2,
	"max_subgraph_size" : 50000,
	"no_postprocessing" : false,
	"p_bleach" : 0.010200000000000001,
	"p_blink" : 0,
	"p_reappear" : 0.5,
	"p_switch" : 0.01,
	"precision" : 31.804077528029424,
	"precision_z" : 100,
	"pruning_base" : 1.5,
	"pruning_rate" : 0.20000000000000001,
	"random_seed" : 42,
	"sd_angle" : 0.14999999999999999,
	"sd_rel_velocity" : 10,
	"threads" : 6,
	"w_diffusion" : 2,
	"w_dir_diffusion" : 1,
	"w_directed" : 1,
	"w_immobile" : 1,
	"z_range" : 0
}